Source Country,Source City,Source Airport,Source Lat,Source Long,Destination Country,Dest City,Destination Airport,Dest Lat,Dest Long
China,Beijing,PEK,40.08010101,116.5849991,Algeria,Algier,ALG,36.69100189,3.215409994
China,Beijing,PEK,40.08010101,116.5849991,Angola,Luanda,LAD,-8.85837,13.2312
China,Beijing,PEK,40.08010101,116.5849991,Australia,Sydney,SYD,-33.94609833,151.177002
China,Beijing,PEK,40.08010101,116.5849991,Austria,Vienna,VIE,48.11029816,16.56970024
China,Beijing,PEK,40.08010101,116.5849991,Azerbaijan,Baku,GYD,40.46749878,50.04669952
China,Beijing,PEK,40.08010101,116.5849991,Belgium,Brussels,BRU,50.90140152,4.48443985
China,Beijing,PEK,40.08010101,116.5849991,Burma,Yangon,RGN,16.90730095,96.1332016
China,Beijing,PEK,40.08010101,116.5849991,Cambodia,Siem-reap,REP,13.41069984,103.8130035
China,Beijing,PEK,40.08010101,116.5849991,Canada,Toronto,YYZ,43.67720032,-79.63059998
China,Beijing,PEK,40.08010101,116.5849991,Canada,Vancouver,YVR,49.19390106,-123.1839981
China,Beijing,PEK,40.08010101,116.5849991,Denmark,Copenhagen,CPH,55.61790085,12.65600014
China,Beijing,PEK,40.08010101,116.5849991,Egypt,Cairo,CAI,30.12190056,31.40559959
China,Beijing,PEK,40.08010101,116.5849991,Ethiopia,Addis Ababa,ADD,8.977890015,38.79930115
China,Beijing,PEK,40.08010101,116.5849991,Finland,Helsinki,HEL,60.31719971,24.9633007
China,Beijing,PEK,40.08010101,116.5849991,France,Paris,CDG,49.012798,2.55
China,Beijing,PEK,40.08010101,116.5849991,Germany,Berlin,TXL,52.5597,13.2877
China,Beijing,PEK,40.08010101,116.5849991,Germany,Duesseldorf,DUS,51.289501,6.76678
China,Beijing,PEK,40.08010101,116.5849991,Germany,Frankfurt,FRA,50.033333,8.570556
China,Beijing,PEK,40.08010101,116.5849991,Germany,Munich,MUC,48.353802,11.7861
China,Beijing,PEK,40.08010101,116.5849991,India,Delhi,DEL,28.5665,77.103104
China,Beijing,PEK,40.08010101,116.5849991,Indonesia,Jakarta,CGK,-6.12556982,106.6559982
China,Beijing,PEK,40.08010101,116.5849991,Iran,Tehran,IKA,35.41609955,51.15219879
China,Beijing,PEK,40.08010101,116.5849991,Israel,Tel-aviv,TLV,32.01139832,34.88669968
China,Beijing,PEK,40.08010101,116.5849991,Italy,Milano,MXP,45.6306,8.72811
China,Beijing,PEK,40.08010101,116.5849991,Italy,Rome,FCO,41.8002778,12.2388889
China,Beijing,PEK,40.08010101,116.5849991,Japan,Nagoya,NGO,34.85839844,136.8049927
China,Beijing,PEK,40.08010101,116.5849991,Japan,Okinawa,OKA,26.19580078,127.6460037
China,Beijing,PEK,40.08010101,116.5849991,Japan,Osaka,KIX,34.4272995,135.2440033
China,Beijing,PEK,40.08010101,116.5849991,Japan,Sapporo,CTS,42.77519989,141.6920013
China,Beijing,PEK,40.08010101,116.5849991,Japan,Tokyo,HND,35.552299,139.779999
China,Beijing,PEK,40.08010101,116.5849991,Japan,Tokyo,NRT,35.76470184,140.3860016
China,Beijing,PEK,40.08010101,116.5849991,Kazakhstan,Alma-ata,ALA,43.35210037,77.04049683
China,Beijing,PEK,40.08010101,116.5849991,Kazakhstan,Tselinograd,TSE,51.02220154,71.46690369
China,Beijing,PEK,40.08010101,116.5849991,Macau,Macau,MFM,22.149599,113.592003
China,Beijing,PEK,40.08010101,116.5849991,Malaysia,Kuala Lumpur,KUL,2.745579958,101.7099991
China,Beijing,PEK,40.08010101,116.5849991,Maldives,Male,MLE,4.191830158,73.52909851
China,Beijing,PEK,40.08010101,116.5849991,Mauritius,Plaisance,MRU,-20.430201,57.683601
China,Beijing,PEK,40.08010101,116.5849991,Mongolia,Ulan Bator,ULN,47.843102,106.766998
China,Beijing,PEK,40.08010101,116.5849991,Netherlands,Amsterdam,AMS,52.308601,4.76389
China,Beijing,PEK,40.08010101,116.5849991,North Korea,Pyongyang,FNJ,39.224098,125.669998
China,Beijing,PEK,40.08010101,116.5849991,Northern Mariana Islands,Saipan,SPN,15.119,145.729004
China,Beijing,PEK,40.08010101,116.5849991,Pakistan,Islamabad,ISB,33.560713,72.851613
China,Beijing,PEK,40.08010101,116.5849991,Philippines,Manila,MNL,14.5086,121.019997
China,Beijing,PEK,40.08010101,116.5849991,Poland,Warsaw,WAW,52.16569901,20.96710014
China,Beijing,PEK,40.08010101,116.5849991,Qatar,Doha,DOH,25.273056,51.608056
China,Beijing,PEK,40.08010101,116.5849991,Russia,Irkutsk,IKT,52.26800156,104.3889999
China,Beijing,PEK,40.08010101,116.5849991,Russia,Khabarovsk,KHV,48.52799988,135.1880035
China,Beijing,PEK,40.08010101,116.5849991,Russia,Krasnoyarsk,KJA,56.172901,92.493301
China,Beijing,PEK,40.08010101,116.5849991,Russia,Moscow,SVO,55.972599,37.4146
China,Beijing,PEK,40.08010101,116.5849991,Russia,Moscow,VKO,55.59149933,37.26150131
China,Beijing,PEK,40.08010101,116.5849991,Russia,Novosibirsk,OVB,55.01259995,82.65070343
China,Beijing,PEK,40.08010101,116.5849991,Russia,St. Petersburg,LED,59.8003006,30.26250076
China,Beijing,PEK,40.08010101,116.5849991,Russia,Ulan-ude,UUD,51.80780029,107.4380035
China,Beijing,PEK,40.08010101,116.5849991,Russia,Vladivostok,VVO,43.39899826,132.147995
China,Beijing,PEK,40.08010101,116.5849991,Russia,Yakutsk,YKS,62.09329987,129.7709961
China,Beijing,PEK,40.08010101,116.5849991,Russia,Yekaterinburg,SVX,56.74309921,60.80270004
China,Beijing,PEK,40.08010101,116.5849991,Singapore,Singapore,SIN,1.35019,103.994003
China,Beijing,PEK,40.08010101,116.5849991,South Africa,Johannesburg,JNB,-26.1392,28.246
China,Beijing,PEK,40.08010101,116.5849991,South Korea,Busan,PUS,35.17950058,128.9380035
China,Beijing,PEK,40.08010101,116.5849991,South Korea,Cheju,CJU,33.51129913,126.4929962
China,Beijing,PEK,40.08010101,116.5849991,South Korea,Chongju,CJJ,36.717008,127.498741
China,Beijing,PEK,40.08010101,116.5849991,South Korea,Muan,MWX,34.991406,126.382814
China,Beijing,PEK,40.08010101,116.5849991,South Korea,Seoul,GMP,37.5583,126.791
China,Beijing,PEK,40.08010101,116.5849991,South Korea,Seoul,ICN,37.46910095,126.4509964
China,Beijing,PEK,40.08010101,116.5849991,South Korea,Taegu,TAE,35.896872,128.65531
China,Beijing,PEK,40.08010101,116.5849991,Spain,Madrid,MAD,40.471926,-3.56264
China,Beijing,PEK,40.08010101,116.5849991,Sri Lanka,Colombo,CMB,7.180759907,79.88410187
China,Beijing,PEK,40.08010101,116.5849991,Sweden,Stockholm,ARN,59.65190125,17.91860008
China,Beijing,PEK,40.08010101,116.5849991,Switzerland,Geneva,GVA,46.23809814,6.108950138
China,Beijing,PEK,40.08010101,116.5849991,Switzerland,Zurich,ZRH,47.464699,8.54917
China,Beijing,PEK,40.08010101,116.5849991,Thailand,Bangkok,BKK,13.68109989,100.7470016
China,Beijing,PEK,40.08010101,116.5849991,Thailand,Chiang Mai,CNX,18.76679993,98.96260071
China,Beijing,PEK,40.08010101,116.5849991,Thailand,Phuket,HKT,8.1132,98.316902
China,Beijing,PEK,40.08010101,116.5849991,Turkey,Istanbul,IST,41.275278,28.751944
China,Beijing,PEK,40.08010101,116.5849991,United Arab Emirates,Abu Dhabi,AUH,24.43300056,54.65110016
China,Beijing,PEK,40.08010101,116.5849991,United Arab Emirates,Dubai,DXB,25.25279999,55.36439896
China,Beijing,PEK,40.08010101,116.5849991,United Kingdom,London,LGW,51.148102,-0.190278
China,Beijing,PEK,40.08010101,116.5849991,United Kingdom,London,LHR,51.4706,-0.461941
China,Beijing,PEK,40.08010101,116.5849991,United States,Chicago,ORD,41.9786,-87.9048
China,Beijing,PEK,40.08010101,116.5849991,United States,Detroit,DTW,42.21239853,-83.35340118
China,Beijing,PEK,40.08010101,116.5849991,United States,Honolulu,HNL,21.32062,-157.924228
China,Beijing,PEK,40.08010101,116.5849991,United States,Houston,IAH,29.9843998,-95.34140015
China,Beijing,PEK,40.08010101,116.5849991,United States,Los Angeles,LAX,33.94250107,-118.4079971
China,Beijing,PEK,40.08010101,116.5849991,United States,New York,JFK,40.63980103,-73.77890015
China,Beijing,PEK,40.08010101,116.5849991,United States,Newark,EWR,40.69250107,-74.16870117
China,Beijing,PEK,40.08010101,116.5849991,United States,San Francisco,SFO,37.61899948,-122.375
China,Beijing,PEK,40.08010101,116.5849991,United States,Seattle,SEA,47.449001,-122.308998
China,Beijing,PEK,40.08010101,116.5849991,United States,Washington,IAD,38.94449997,-77.45580292
China,Beijing,PEK,40.08010101,116.5849991,Uzbekistan,Tashkent,TAS,41.25790024,69.28119659
China,Beijing,PEK,40.08010101,116.5849991,Vietnam,Hanoi,HAN,21.22120094,105.8069992
China,Beijing,PEK,40.08010101,116.5849991,Vietnam,Ho Chi Minh City,SGN,10.81879997,106.6520004
China,Changcha,CSX,28.18919945,113.2200012,Singapore,Singapore,SIN,1.35019,103.994003
China,Changcha,CSX,28.18919945,113.2200012,South Korea,Busan,PUS,35.17950058,128.9380035
China,Changcha,CSX,28.18919945,113.2200012,South Korea,Cheju,CJU,33.51129913,126.4929962
China,Changcha,CSX,28.18919945,113.2200012,South Korea,Seoul,ICN,37.46910095,126.4509964
China,Changcha,CSX,28.18919945,113.2200012,Thailand,Bangkok,BKK,13.68109989,100.7470016
China,Changcha,CSX,28.18919945,113.2200012,Thailand,Bangkok,DMK,13.91259956,100.6070023
China,Changchun,CGQ,43.99620056,125.6849976,Japan,Tokyo,NRT,35.76470184,140.3860016
China,Changchun,CGQ,43.99620056,125.6849976,South Korea,Cheju,CJU,33.51129913,126.4929962
China,Changchun,CGQ,43.99620056,125.6849976,South Korea,Seoul,ICN,37.46910095,126.4509964
China,Chengdu,CTU,30.57850075,103.9469986,Australia,Melbourne,MEL,-37.673302,144.843002
China,Chengdu,CTU,30.57850075,103.9469986,Germany,Frankfurt,FRA,50.033333,8.570556
China,Chengdu,CTU,30.57850075,103.9469986,India,Mumbai,BOM,19.08869934,72.86789703
China,Chengdu,CTU,30.57850075,103.9469986,Japan,Tokyo,NRT,35.76470184,140.3860016
China,Chengdu,CTU,30.57850075,103.9469986,Macau,Macau,MFM,22.149599,113.592003
China,Chengdu,CTU,30.57850075,103.9469986,Malaysia,Kuala Lumpur,KUL,2.745579958,101.7099991
China,Chengdu,CTU,30.57850075,103.9469986,Nepal,Kathmandu,KTM,27.6966,85.3591
China,Chengdu,CTU,30.57850075,103.9469986,Netherlands,Amsterdam,AMS,52.308601,4.76389
China,Chengdu,CTU,30.57850075,103.9469986,Pakistan,Karachi,KHI,24.9065,67.160797
China,Chengdu,CTU,30.57850075,103.9469986,Qatar,Doha,DOH,25.273056,51.608056
China,Chengdu,CTU,30.57850075,103.9469986,Singapore,Singapore,SIN,1.35019,103.994003
China,Chengdu,CTU,30.57850075,103.9469986,South Korea,Seoul,ICN,37.46910095,126.4509964
China,Chengdu,CTU,30.57850075,103.9469986,Thailand,Bangkok,BKK,13.68109989,100.7470016
China,Chengdu,CTU,30.57850075,103.9469986,Thailand,Phuket,HKT,8.1132,98.316902
China,Chengdu,CTU,30.57850075,103.9469986,United Arab Emirates,Abu Dhabi,AUH,24.43300056,54.65110016
China,Chengdu,CTU,30.57850075,103.9469986,United Kingdom,London,LHR,51.4706,-0.461941
China,Chengdu,CTU,30.57850075,103.9469986,Vietnam,Danang,DAD,16.04389954,108.1989975
China,Chengdu,CTU,30.57850075,103.9469986,Vietnam,Hanoi,HAN,21.22120094,105.8069992
China,Chongqing,CKG,29.71920013,106.6419983,Australia,Sydney,SYD,-33.94609833,151.177002
China,Chongqing,CKG,29.71920013,106.6419983,Finland,Helsinki,HEL,60.31719971,24.9633007
China,Chongqing,CKG,29.71920013,106.6419983,Macau,Macau,MFM,22.149599,113.592003
China,Chongqing,CKG,29.71920013,106.6419983,Qatar,Doha,DOH,25.273056,51.608056
China,Chongqing,CKG,29.71920013,106.6419983,Singapore,Singapore,SIN,1.35019,103.994003
China,Chongqing,CKG,29.71920013,106.6419983,South Korea,Seoul,ICN,37.46910095,126.4509964
China,Chongqing,CKG,29.71920013,106.6419983,Thailand,Bangkok,BKK,13.68109989,100.7470016
China,Chongqing,CKG,29.71920013,106.6419983,Thailand,Bangkok,DMK,13.91259956,100.6070023
China,Chongqing,CKG,29.71920013,106.6419983,Thailand,Chiang Mai,CNX,18.76679993,98.96260071
China,Chongqing,CKG,29.71920013,106.6419983,Thailand,Phuket,HKT,8.1132,98.316902
China,Dalian,DLC,38.96569824,121.5390015,Japan,Fukuoka,FUK,33.58589935,130.451004
China,Dalian,DLC,38.96569824,121.5390015,Japan,Hiroshima,HIJ,34.43610001,132.9190063
China,Dalian,DLC,38.96569824,121.5390015,Japan,Nagoya,NGO,34.85839844,136.8049927
China,Dalian,DLC,38.96569824,121.5390015,Japan,Osaka,KIX,34.4272995,135.2440033
China,Dalian,DLC,38.96569824,121.5390015,Japan,Tokyo,NRT,35.76470184,140.3860016
China,Dalian,DLC,38.96569824,121.5390015,Japan,Toyama,TOY,36.64830017,137.1880035
China,Dalian,DLC,38.96569824,121.5390015,South Korea,Cheju,CJU,33.51129913,126.4929962
China,Dalian,DLC,38.96569824,121.5390015,South Korea,Seoul,ICN,37.46910095,126.4509964
China,Fuzhou,FOC,25.93510056,119.663002,Indonesia,Jakarta,CGK,-6.12556982,106.6559982
China,Fuzhou,FOC,25.93510056,119.663002,Japan,Osaka,KIX,34.4272995,135.2440033
China,Fuzhou,FOC,25.93510056,119.663002,Macau,Macau,MFM,22.149599,113.592003
China,Fuzhou,FOC,25.93510056,119.663002,Malaysia,Kuala Lumpur,KUL,2.745579958,101.7099991
China,Fuzhou,FOC,25.93510056,119.663002,Singapore,Singapore,SIN,1.35019,103.994003
China,Fuzhou,FOC,25.93510056,119.663002,South Korea,Cheju,CJU,33.51129913,126.4929962
China,Fuzhou,FOC,25.93510056,119.663002,Thailand,Bangkok,BKK,13.68109989,100.7470016
China,Fuzhou,FOC,25.93510056,119.663002,Vietnam,Ho Chi Minh City,SGN,10.81879997,106.6520004
China,Guangzhou,CAN,23.39240074,113.2990036,Australia,Brisbane,BNE,-27.38419914,153.1170044
China,Guangzhou,CAN,23.39240074,113.2990036,Australia,Melbourne,MEL,-37.673302,144.843002
China,Guangzhou,CAN,23.39240074,113.2990036,Australia,Perth,PER,-31.94029999,115.9670029
China,Guangzhou,CAN,23.39240074,113.2990036,Australia,Sydney,SYD,-33.94609833,151.177002
China,Guangzhou,CAN,23.39240074,113.2990036,Bangladesh,Dhaka,DAC,23.843347,90.397783
China,Guangzhou,CAN,23.39240074,113.2990036,Burma,Yangon,RGN,16.90730095,96.1332016
China,Guangzhou,CAN,23.39240074,113.2990036,Cambodia,Phnom-penh,PNH,11.54660034,104.8440018
China,Guangzhou,CAN,23.39240074,113.2990036,Cambodia,Siem-reap,REP,13.41069984,103.8130035
China,Guangzhou,CAN,23.39240074,113.2990036,Canada,Vancouver,YVR,49.19390106,-123.1839981
China,Guangzhou,CAN,23.39240074,113.2990036,Egypt,Cairo,CAI,30.12190056,31.40559959
China,Guangzhou,CAN,23.39240074,113.2990036,Ethiopia,Addis Ababa,ADD,8.977890015,38.79930115
China,Guangzhou,CAN,23.39240074,113.2990036,France,Paris,CDG,49.012798,2.55
China,Guangzhou,CAN,23.39240074,113.2990036,India,Delhi,DEL,28.5665,77.103104
China,Guangzhou,CAN,23.39240074,113.2990036,Indonesia,Denpasar,DPS,-8.748169899,115.1669998
China,Guangzhou,CAN,23.39240074,113.2990036,Indonesia,Jakarta,CGK,-6.12556982,106.6559982
China,Guangzhou,CAN,23.39240074,113.2990036,Iran,Tehran,IKA,35.41609955,51.15219879
China,Guangzhou,CAN,23.39240074,113.2990036,Japan,Fukuoka,FUK,33.58589935,130.451004
China,Guangzhou,CAN,23.39240074,113.2990036,Japan,Osaka,KIX,34.4272995,135.2440033
China,Guangzhou,CAN,23.39240074,113.2990036,Japan,Tokyo,NRT,35.76470184,140.3860016
China,Guangzhou,CAN,23.39240074,113.2990036,Kenya,Nairobi,NBO,-1.319239974,36.92779922
China,Guangzhou,CAN,23.39240074,113.2990036,Laos,Vientiane,VTE,17.98830032,102.5630035
China,Guangzhou,CAN,23.39240074,113.2990036,Malaysia,Kota Kinabalu,BKI,5.937210083,116.0510025
China,Guangzhou,CAN,23.39240074,113.2990036,Malaysia,Kuala Lumpur,KUL,2.745579958,101.7099991
China,Guangzhou,CAN,23.39240074,113.2990036,Malaysia,Penang,PEN,5.297140121,100.2770004
China,Guangzhou,CAN,23.39240074,113.2990036,Maldives,Male,MLE,4.191830158,73.52909851
China,Guangzhou,CAN,23.39240074,113.2990036,Nepal,Kathmandu,KTM,27.6966,85.3591
China,Guangzhou,CAN,23.39240074,113.2990036,Netherlands,Amsterdam,AMS,52.308601,4.76389
China,Guangzhou,CAN,23.39240074,113.2990036,New Zealand,Auckland,AKL,-37.0080986,174.7920074
China,Guangzhou,CAN,23.39240074,113.2990036,Northern Mariana Islands,Saipan,SPN,15.119,145.729004
China,Guangzhou,CAN,23.39240074,113.2990036,Philippines,Manila,MNL,14.5086,121.019997
China,Guangzhou,CAN,23.39240074,113.2990036,Qatar,Doha,DOH,25.273056,51.608056
China,Guangzhou,CAN,23.39240074,113.2990036,Russia,Moscow,SVO,55.972599,37.4146
China,Guangzhou,CAN,23.39240074,113.2990036,Saudi Arabia,Jeddah,JED,21.6796,39.156502
China,Guangzhou,CAN,23.39240074,113.2990036,Saudi Arabia,Riyadh,RUH,24.95759964,46.69879913
China,Guangzhou,CAN,23.39240074,113.2990036,Singapore,Singapore,SIN,1.35019,103.994003
China,Guangzhou,CAN,23.39240074,113.2990036,South Korea,Busan,PUS,35.17950058,128.9380035
China,Guangzhou,CAN,23.39240074,113.2990036,South Korea,Seoul,ICN,37.46910095,126.4509964
China,Guangzhou,CAN,23.39240074,113.2990036,Thailand,Bangkok,BKK,13.68109989,100.7470016
China,Guangzhou,CAN,23.39240074,113.2990036,Thailand,Bangkok,DMK,13.91259956,100.6070023
China,Guangzhou,CAN,23.39240074,113.2990036,Thailand,Chiang Mai,CNX,18.76679993,98.96260071
China,Guangzhou,CAN,23.39240074,113.2990036,Thailand,Phuket,HKT,8.1132,98.316902
China,Guangzhou,CAN,23.39240074,113.2990036,Turkey,Istanbul,IST,41.275278,28.751944
China,Guangzhou,CAN,23.39240074,113.2990036,United Arab Emirates,Dubai,DXB,25.25279999,55.36439896
China,Guangzhou,CAN,23.39240074,113.2990036,United Kingdom,London,LHR,51.4706,-0.461941
China,Guangzhou,CAN,23.39240074,113.2990036,United States,Los Angeles,LAX,33.94250107,-118.4079971
China,Guangzhou,CAN,23.39240074,113.2990036,Vietnam,Danang,DAD,16.04389954,108.1989975
China,Guangzhou,CAN,23.39240074,113.2990036,Vietnam,Hanoi,HAN,21.22120094,105.8069992
China,Guangzhou,CAN,23.39240074,113.2990036,Vietnam,Ho Chi Minh City,SGN,10.81879997,106.6520004
China,Guilin,KWL,25.21809959,110.0390015,Malaysia,Kuala Lumpur,KUL,2.745579958,101.7099991
China,Guilin,KWL,25.21809959,110.0390015,South Korea,Busan,PUS,35.17950058,128.9380035
China,Guilin,KWL,25.21809959,110.0390015,South Korea,Seoul,ICN,37.46910095,126.4509964
China,Guilin,KWL,25.21809959,110.0390015,Thailand,Bangkok,BKK,13.68109989,100.7470016
China,Guiyang,KWE,26.53849983,106.8010025,Singapore,Singapore,SIN,1.35019,103.994003
China,Guiyang,KWE,26.53849983,106.8010025,Thailand,Phuket,HKT,8.1132,98.316902
China,Haikou,HAK,19.93490028,110.4589996,Singapore,Singapore,SIN,1.35019,103.994003
China,Hailar,HLD,49.20500183,119.8249969,Mongolia,Choibalsan,COQ,48.13570023,114.6460037
China,Hailar,HLD,49.20500183,119.8249969,Russia,Chita,HTA,52.026299,113.306
China,Hangzhou,HGH,30.22949982,120.4339981,Japan,Osaka,KIX,34.4272995,135.2440033
China,Hangzhou,HGH,30.22949982,120.4339981,Japan,Tokyo,NRT,35.76470184,140.3860016
China,Hangzhou,HGH,30.22949982,120.4339981,Macau,Macau,MFM,22.149599,113.592003
China,Hangzhou,HGH,30.22949982,120.4339981,Malaysia,Kota Kinabalu,BKI,5.937210083,116.0510025
China,Hangzhou,HGH,30.22949982,120.4339981,Malaysia,Kuala Lumpur,KUL,2.745579958,101.7099991
China,Hangzhou,HGH,30.22949982,120.4339981,Netherlands,Amsterdam,AMS,52.308601,4.76389
China,Hangzhou,HGH,30.22949982,120.4339981,Qatar,Doha,DOH,25.273056,51.608056
China,Hangzhou,HGH,30.22949982,120.4339981,Singapore,Singapore,SIN,1.35019,103.994003
China,Hangzhou,HGH,30.22949982,120.4339981,South Korea,Busan,PUS,35.17950058,128.9380035
China,Hangzhou,HGH,30.22949982,120.4339981,South Korea,Chongju,CJJ,36.717008,127.498741
China,Hangzhou,HGH,30.22949982,120.4339981,South Korea,Seoul,ICN,37.46910095,126.4509964
China,Hangzhou,HGH,30.22949982,120.4339981,Thailand,Bangkok,DMK,13.91259956,100.6070023
China,Hangzhou,HGH,30.22949982,120.4339981,Thailand,Chiang Mai,CNX,18.76679993,98.96260071
China,Hangzhou,HGH,30.22949982,120.4339981,Thailand,Phuket,HKT,8.1132,98.316902
China,Hangzhou,HGH,30.22949982,120.4339981,Vietnam,Danang,DAD,16.04389954,108.1989975
China,Harbin,HRB,45.62340164,126.25,Japan,Niigata,KIJ,37.95589828,139.1210022
China,Harbin,HRB,45.62340164,126.25,Japan,Osaka,KIX,34.4272995,135.2440033
China,Harbin,HRB,45.62340164,126.25,Russia,Irkutsk,IKT,52.26800156,104.3889999
China,Harbin,HRB,45.62340164,126.25,Russia,Khabarovsk,KHV,48.52799988,135.1880035
China,Harbin,HRB,45.62340164,126.25,Russia,Novosibirsk,OVB,55.01259995,82.65070343
China,Harbin,HRB,45.62340164,126.25,Russia,Yakutsk,YKS,62.09329987,129.7709961
China,Harbin,HRB,45.62340164,126.25,Russia,Yekaterinburg,SVX,56.74309921,60.80270004
China,Harbin,HRB,45.62340164,126.25,Russia,Yuzhno-sakhalinsk,UUS,46.88869858,142.7180023
China,Harbin,HRB,45.62340164,126.25,South Korea,Cheju,CJU,33.51129913,126.4929962
China,Harbin,HRB,45.62340164,126.25,South Korea,Seoul,ICN,37.46910095,126.4509964
China,Hefei,HFE,31.78000069,117.2979965,Macau,Macau,MFM,22.149599,113.592003
China,Hefei,HFE,31.78000069,117.2979965,South Korea,Seoul,ICN,37.46910095,126.4509964
China,Hong Kong,HKG,22.308901,113.915001,Australia,Adelaide,ADL,-34.945,138.531006
China,Hong Kong,HKG,22.308901,113.915001,Australia,Brisbane,BNE,-27.38419914,153.1170044
China,Hong Kong,HKG,22.308901,113.915001,Australia,Cairns,CNS,-16.88579941,145.7550049
China,Hong Kong,HKG,22.308901,113.915001,Australia,Melbourne,MEL,-37.673302,144.843002
China,Hong Kong,HKG,22.308901,113.915001,Australia,Perth,PER,-31.94029999,115.9670029
China,Hong Kong,HKG,22.308901,113.915001,Australia,Sydney,SYD,-33.94609833,151.177002
China,Hong Kong,HKG,22.308901,113.915001,Bangladesh,Dhaka,DAC,23.843347,90.397783
China,Hong Kong,HKG,22.308901,113.915001,Brunei,Bandar Seri Begawan,BWN,4.944200039,114.9280014
China,Hong Kong,HKG,22.308901,113.915001,Burma,Yangon,RGN,16.90730095,96.1332016
China,Hong Kong,HKG,22.308901,113.915001,Cambodia,Phnom-penh,PNH,11.54660034,104.8440018
China,Hong Kong,HKG,22.308901,113.915001,Cambodia,Siem-reap,REP,13.41069984,103.8130035
China,Hong Kong,HKG,22.308901,113.915001,Canada,Toronto,YYZ,43.67720032,-79.63059998
China,Hong Kong,HKG,22.308901,113.915001,Canada,Vancouver,YVR,49.19390106,-123.1839981
China,Hong Kong,HKG,22.308901,113.915001,Ethiopia,Addis Ababa,ADD,8.977890015,38.79930115
China,Hong Kong,HKG,22.308901,113.915001,Fiji,Nandi,NAN,-17.7553997,177.4429932
China,Hong Kong,HKG,22.308901,113.915001,Finland,Helsinki,HEL,60.31719971,24.9633007
China,Hong Kong,HKG,22.308901,113.915001,France,Paris,CDG,49.012798,2.55
China,Hong Kong,HKG,22.308901,113.915001,Germany,Frankfurt,FRA,50.033333,8.570556
China,Hong Kong,HKG,22.308901,113.915001,Germany,Munich,MUC,48.353802,11.7861
China,Hong Kong,HKG,22.308901,113.915001,Guam,Agana,GUM,13.48340034,144.7960052
China,Hong Kong,HKG,22.308901,113.915001,India,Bangalore,BLR,13.1979,77.706299
China,Hong Kong,HKG,22.308901,113.915001,India,Delhi,DEL,28.5665,77.103104
China,Hong Kong,HKG,22.308901,113.915001,India,Hyderabad,HYD,17.23131752,78.42985535
China,Hong Kong,HKG,22.308901,113.915001,India,Kolkata,CCU,22.65469933,88.44670105
China,Hong Kong,HKG,22.308901,113.915001,India,Madras,MAA,12.99000549,80.16929626
China,Hong Kong,HKG,22.308901,113.915001,India,Mumbai,BOM,19.08869934,72.86789703
China,Hong Kong,HKG,22.308901,113.915001,Indonesia,Denpasar,DPS,-8.748169899,115.1669998
China,Hong Kong,HKG,22.308901,113.915001,Indonesia,Jakarta,CGK,-6.12556982,106.6559982
China,Hong Kong,HKG,22.308901,113.915001,Indonesia,Surabaya,SUB,-7.379829884,112.7870026
China,Hong Kong,HKG,22.308901,113.915001,Israel,Tel-aviv,TLV,32.01139832,34.88669968
China,Hong Kong,HKG,22.308901,113.915001,Italy,Milano,MXP,45.6306,8.72811
China,Hong Kong,HKG,22.308901,113.915001,Italy,Rome,FCO,41.8002778,12.2388889
China,Hong Kong,HKG,22.308901,113.915001,Japan,Fukuoka,FUK,33.58589935,130.451004
China,Hong Kong,HKG,22.308901,113.915001,Japan,Kagoshima,KOJ,31.80340004,130.7189941
China,Hong Kong,HKG,22.308901,113.915001,Japan,Nagoya,NGO,34.85839844,136.8049927
China,Hong Kong,HKG,22.308901,113.915001,Japan,Okinawa,OKA,26.19580078,127.6460037
China,Hong Kong,HKG,22.308901,113.915001,Japan,Osaka,KIX,34.4272995,135.2440033
China,Hong Kong,HKG,22.308901,113.915001,Japan,Sapporo,CTS,42.77519989,141.6920013
China,Hong Kong,HKG,22.308901,113.915001,Japan,Tokyo,HND,35.552299,139.779999
China,Hong Kong,HKG,22.308901,113.915001,Japan,Tokyo,NRT,35.76470184,140.3860016
China,Hong Kong,HKG,22.308901,113.915001,Kazakhstan,Alma-ata,ALA,43.35210037,77.04049683
China,Hong Kong,HKG,22.308901,113.915001,Malaysia,Kota Kinabalu,BKI,5.937210083,116.0510025
China,Hong Kong,HKG,22.308901,113.915001,Malaysia,Kuala Lumpur,KUL,2.745579958,101.7099991
China,Hong Kong,HKG,22.308901,113.915001,Malaysia,Penang,PEN,5.297140121,100.2770004
China,Hong Kong,HKG,22.308901,113.915001,Maldives,Male,MLE,4.191830158,73.52909851
China,Hong Kong,HKG,22.308901,113.915001,Mauritius,Plaisance,MRU,-20.430201,57.683601
China,Hong Kong,HKG,22.308901,113.915001,Mongolia,Ulan Bator,ULN,47.843102,106.766998
China,Hong Kong,HKG,22.308901,113.915001,Nepal,Kathmandu,KTM,27.6966,85.3591
China,Hong Kong,HKG,22.308901,113.915001,Netherlands,Amsterdam,AMS,52.308601,4.76389
China,Hong Kong,HKG,22.308901,113.915001,New Zealand,Auckland,AKL,-37.0080986,174.7920074
China,Hong Kong,HKG,22.308901,113.915001,Papua New Guinea,Port Moresby,POM,-9.443380356,147.2200012
China,Hong Kong,HKG,22.308901,113.915001,Philippines,Angeles City,CRK,15.186,120.559998
China,Hong Kong,HKG,22.308901,113.915001,Philippines,Cebu,CEB,10.30749989,123.9789963
China,Hong Kong,HKG,22.308901,113.915001,Philippines,Iloilo,ILO,10.833017,122.493358
China,Hong Kong,HKG,22.308901,113.915001,Philippines,Manila,MNL,14.5086,121.019997
China,Hong Kong,HKG,22.308901,113.915001,Qatar,Doha,DOH,25.273056,51.608056
China,Hong Kong,HKG,22.308901,113.915001,Russia,Khabarovsk,KHV,48.52799988,135.1880035
China,Hong Kong,HKG,22.308901,113.915001,Russia,Moscow,DME,55.40879822,37.90629959
China,Hong Kong,HKG,22.308901,113.915001,Russia,Moscow,SVO,55.972599,37.4146
China,Hong Kong,HKG,22.308901,113.915001,Russia,Novosibirsk,OVB,55.01259995,82.65070343
China,Hong Kong,HKG,22.308901,113.915001,Russia,Vladivostok,VVO,43.39899826,132.147995
China,Hong Kong,HKG,22.308901,113.915001,Saudi Arabia,Riyadh,RUH,24.95759964,46.69879913
China,Hong Kong,HKG,22.308901,113.915001,Singapore,Singapore,SIN,1.35019,103.994003
China,Hong Kong,HKG,22.308901,113.915001,South Africa,Johannesburg,JNB,-26.1392,28.246
China,Hong Kong,HKG,22.308901,113.915001,South Korea,Busan,PUS,35.17950058,128.9380035
China,Hong Kong,HKG,22.308901,113.915001,South Korea,Cheju,CJU,33.51129913,126.4929962
China,Hong Kong,HKG,22.308901,113.915001,South Korea,Seoul,ICN,37.46910095,126.4509964
China,Hong Kong,HKG,22.308901,113.915001,Switzerland,Zurich,ZRH,47.464699,8.54917
China,Hong Kong,HKG,22.308901,113.915001,Thailand,Bangkok,BKK,13.68109989,100.7470016
China,Hong Kong,HKG,22.308901,113.915001,Thailand,Bangkok,DMK,13.91259956,100.6070023
China,Hong Kong,HKG,22.308901,113.915001,Thailand,Chiang Mai,CNX,18.76679993,98.96260071
China,Hong Kong,HKG,22.308901,113.915001,Thailand,Ko Samui,USM,9.547789574,100.0619965
China,Hong Kong,HKG,22.308901,113.915001,Thailand,Phuket,HKT,8.1132,98.316902
China,Hong Kong,HKG,22.308901,113.915001,Turkey,Istanbul,IST,41.275278,28.751944
China,Hong Kong,HKG,22.308901,113.915001,United Arab Emirates,Abu Dhabi,AUH,24.43300056,54.65110016
China,Hong Kong,HKG,22.308901,113.915001,United Arab Emirates,Dubai,DXB,25.25279999,55.36439896
China,Hong Kong,HKG,22.308901,113.915001,United Kingdom,London,LHR,51.4706,-0.461941
China,Hong Kong,HKG,22.308901,113.915001,United States,Chicago,ORD,41.9786,-87.9048
China,Hong Kong,HKG,22.308901,113.915001,United States,Los Angeles,LAX,33.94250107,-118.4079971
China,Hong Kong,HKG,22.308901,113.915001,United States,New York,JFK,40.63980103,-73.77890015
China,Hong Kong,HKG,22.308901,113.915001,United States,Newark,EWR,40.69250107,-74.16870117
China,Hong Kong,HKG,22.308901,113.915001,United States,San Francisco,SFO,37.61899948,-122.375
China,Hong Kong,HKG,22.308901,113.915001,Vietnam,Danang,DAD,16.04389954,108.1989975
China,Hong Kong,HKG,22.308901,113.915001,Vietnam,Hanoi,HAN,21.22120094,105.8069992
China,Hong Kong,HKG,22.308901,113.915001,Vietnam,Ho Chi Minh City,SGN,10.81879997,106.6520004
China,Huangshan,TXN,29.73329926,118.2559967,South Korea,Busan,PUS,35.17950058,128.9380035
China,Huangshan,TXN,29.73329926,118.2559967,South Korea,Seoul,ICN,37.46910095,126.4509964
China,Jiamusi,JMU,46.84339905,130.4649963,Russia,Khabarovsk,KHV,48.52799988,135.1880035
China,Jinan,TNA,36.85720062,117.2160034,Japan,Osaka,KIX,34.4272995,135.2440033
China,Jinan,TNA,36.85720062,117.2160034,South Korea,Seoul,ICN,37.46910095,126.4509964
China,Jinan,TNA,36.85720062,117.2160034,Thailand,Bangkok,BKK,13.68109989,100.7470016
China,Jinghonggasa,JHG,21.97389984,100.7600021,Laos,Luang Prabang,LPQ,19.89730072,102.1610031
China,Kaohsiung,KHH,22.57710075,120.3499985,Japan,Okinawa,OKA,26.19580078,127.6460037
China,Kaohsiung,KHH,22.57710075,120.3499985,Japan,Osaka,KIX,34.4272995,135.2440033
China,Kaohsiung,KHH,22.57710075,120.3499985,Japan,Tokyo,NRT,35.76470184,140.3860016
China,Kaohsiung,KHH,22.57710075,120.3499985,Macau,Macau,MFM,22.149599,113.592003
China,Kaohsiung,KHH,22.57710075,120.3499985,Philippines,Manila,MNL,14.5086,121.019997
China,Kaohsiung,KHH,22.57710075,120.3499985,Singapore,Singapore,SIN,1.35019,103.994003
China,Kaohsiung,KHH,22.57710075,120.3499985,South Korea,Busan,PUS,35.17950058,128.9380035
China,Kaohsiung,KHH,22.57710075,120.3499985,South Korea,Seoul,ICN,37.46910095,126.4509964
China,Kaohsiung,KHH,22.57710075,120.3499985,Thailand,Bangkok,BKK,13.68109989,100.7470016
China,Kaohsiung,KHH,22.57710075,120.3499985,Vietnam,Hanoi,HAN,21.22120094,105.8069992
China,Kaohsiung,KHH,22.57710075,120.3499985,Vietnam,Ho Chi Minh City,SGN,10.81879997,106.6520004
China,Kunming,KMG,25.1019444,102.9291667,Bangladesh,Dhaka,DAC,23.843347,90.397783
China,Kunming,KMG,25.1019444,102.9291667,Burma,Mandalay,MDL,21.70219994,95.97789764
China,Kunming,KMG,25.1019444,102.9291667,Burma,Naypyidaw,NYT,19.623501,96.200996
China,Kunming,KMG,25.1019444,102.9291667,Burma,Yangon,RGN,16.90730095,96.1332016
China,Kunming,KMG,25.1019444,102.9291667,Cambodia,Siem-reap,REP,13.41069984,103.8130035
China,Kunming,KMG,25.1019444,102.9291667,India,Kolkata,CCU,22.65469933,88.44670105
China,Kunming,KMG,25.1019444,102.9291667,Laos,Vientiane,VTE,17.98830032,102.5630035
China,Kunming,KMG,25.1019444,102.9291667,Macau,Macau,MFM,22.149599,113.592003
China,Kunming,KMG,25.1019444,102.9291667,Malaysia,Kuala Lumpur,KUL,2.745579958,101.7099991
China,Kunming,KMG,25.1019444,102.9291667,Nepal,Kathmandu,KTM,27.6966,85.3591
China,Kunming,KMG,25.1019444,102.9291667,Singapore,Singapore,SIN,1.35019,103.994003
China,Kunming,KMG,25.1019444,102.9291667,South Korea,Seoul,ICN,37.46910095,126.4509964
China,Kunming,KMG,25.1019444,102.9291667,Sri Lanka,Colombo,CMB,7.180759907,79.88410187
China,Kunming,KMG,25.1019444,102.9291667,Thailand,Bangkok,BKK,13.68109989,100.7470016
China,Kunming,KMG,25.1019444,102.9291667,Thailand,Bangkok,DMK,13.91259956,100.6070023
China,Kunming,KMG,25.1019444,102.9291667,Thailand,Chiang Mai,CNX,18.76679993,98.96260071
China,Kunming,KMG,25.1019444,102.9291667,Thailand,Chiang Rai,CEI,19.95229912,99.88289642
China,Kunming,KMG,25.1019444,102.9291667,Thailand,Phuket,HKT,8.1132,98.316902
China,Kunming,KMG,25.1019444,102.9291667,United Arab Emirates,Dubai,DXB,25.25279999,55.36439896
China,Kunming,KMG,25.1019444,102.9291667,Vietnam,Danang,DAD,16.04389954,108.1989975
China,Lhasa,LXA,29.29780006,90.91190338,Nepal,Kathmandu,KTM,27.6966,85.3591
China,Lijiang,LJG,26.68000031,100.2460022,Singapore,Singapore,SIN,1.35019,103.994003
China,Lijiang,LJG,26.68000031,100.2460022,South Korea,Seoul,ICN,37.46910095,126.4509964
China,Manzhouli,NZH,49.566667,117.33,Mongolia,Choibalsan,COQ,48.13570023,114.6460037
China,Manzhouli,NZH,49.566667,117.33,Russia,Chita,HTA,52.026299,113.306
China,Manzhouli,NZH,49.566667,117.33,Russia,Irkutsk,IKT,52.26800156,104.3889999
China,Manzhouli,NZH,49.566667,117.33,Russia,Krasnoyarsk,KJA,56.172901,92.493301
China,Manzhouli,NZH,49.566667,117.33,Russia,Novosibirsk,OVB,55.01259995,82.65070343
China,Manzhouli,NZH,49.566667,117.33,Russia,Ulan-ude,UUD,51.80780029,107.4380035
China,Mudanjiang,MDG,44.52410126,129.5690002,South Korea,Seoul,ICN,37.46910095,126.4509964
China,Nanchang,KHN,28.86499977,115.9000015,South Korea,Seoul,ICN,37.46910095,126.4509964
China,Nanchang,KHN,28.86499977,115.9000015,Thailand,Bangkok,DMK,13.91259956,100.6070023
China,Nanjing,NKG,31.74200058,118.8619995,Australia,Sydney,SYD,-33.94609833,151.177002
China,Nanjing,NKG,31.74200058,118.8619995,Germany,Frankfurt,FRA,50.033333,8.570556
China,Nanjing,NKG,31.74200058,118.8619995,Japan,Osaka,KIX,34.4272995,135.2440033
China,Nanjing,NKG,31.74200058,118.8619995,Japan,Tokyo,NRT,35.76470184,140.3860016
China,Nanjing,NKG,31.74200058,118.8619995,Macau,Macau,MFM,22.149599,113.592003
China,Nanjing,NKG,31.74200058,118.8619995,Singapore,Singapore,SIN,1.35019,103.994003
China,Nanjing,NKG,31.74200058,118.8619995,South Korea,Busan,PUS,35.17950058,128.9380035
China,Nanjing,NKG,31.74200058,118.8619995,South Korea,Seoul,ICN,37.46910095,126.4509964
China,Nanning,NNG,22.60829926,108.1719971,Burma,Yangon,RGN,16.90730095,96.1332016
China,Nanning,NNG,22.60829926,108.1719971,Cambodia,Phnom-penh,PNH,11.54660034,104.8440018
China,Nanning,NNG,22.60829926,108.1719971,Laos,Vientiane,VTE,17.98830032,102.5630035
China,Nanning,NNG,22.60829926,108.1719971,Macau,Macau,MFM,22.149599,113.592003
China,Nanning,NNG,22.60829926,108.1719971,Malaysia,Kuala Lumpur,KUL,2.745579958,101.7099991
China,Nanning,NNG,22.60829926,108.1719971,Singapore,Singapore,SIN,1.35019,103.994003
China,Nanning,NNG,22.60829926,108.1719971,Thailand,Bangkok,BKK,13.68109989,100.7470016
China,Nanning,NNG,22.60829926,108.1719971,Vietnam,Hanoi,HAN,21.22120094,105.8069992
China,Nanning,NNG,22.60829926,108.1719971,Vietnam,Ho Chi Minh City,SGN,10.81879997,106.6520004
China,Ninbo,NGB,29.82670021,121.461998,Macau,Macau,MFM,22.149599,113.592003
China,Ninbo,NGB,29.82670021,121.461998,Singapore,Singapore,SIN,1.35019,103.994003
China,Ninbo,NGB,29.82670021,121.461998,South Korea,Cheju,CJU,33.51129913,126.4929962
China,Ninbo,NGB,29.82670021,121.461998,South Korea,Seoul,ICN,37.46910095,126.4509964
China,Ninbo,NGB,29.82670021,121.461998,Thailand,Bangkok,BKK,13.68109989,100.7470016
China,Ninbo,NGB,29.82670021,121.461998,Thailand,Bangkok,DMK,13.91259956,100.6070023
China,Qingdao,TAO,36.26610184,120.3740005,Japan,Fukuoka,FUK,33.58589935,130.451004
China,Qingdao,TAO,36.26610184,120.3740005,Japan,Nagoya,NGO,34.85839844,136.8049927
China,Qingdao,TAO,36.26610184,120.3740005,Japan,Osaka,KIX,34.4272995,135.2440033
China,Qingdao,TAO,36.26610184,120.3740005,Japan,Tokyo,NRT,35.76470184,140.3860016
China,Qingdao,TAO,36.26610184,120.3740005,Singapore,Singapore,SIN,1.35019,103.994003
China,Qingdao,TAO,36.26610184,120.3740005,South Korea,Busan,PUS,35.17950058,128.9380035
China,Qingdao,TAO,36.26610184,120.3740005,South Korea,Seoul,ICN,37.46910095,126.4509964
China,Qingdao,TAO,36.26610184,120.3740005,Thailand,Bangkok,BKK,13.68109989,100.7470016
China,Quanzhou,JJN,24.7964,118.589996,Macau,Macau,MFM,22.149599,113.592003
China,Sanya,SYX,18.30290031,109.4120026,Russia,Moscow,DME,55.40879822,37.90629959
China,Shanghai,PVG,31.14340019,121.8050003,Australia,Melbourne,MEL,-37.673302,144.843002
China,Shanghai,PVG,31.14340019,121.8050003,Australia,Sydney,SYD,-33.94609833,151.177002
China,Shanghai,PVG,31.14340019,121.8050003,Brunei,Bandar Seri Begawan,BWN,4.944200039,114.9280014
China,Shanghai,PVG,31.14340019,121.8050003,Cambodia,Phnom-penh,PNH,11.54660034,104.8440018
China,Shanghai,PVG,31.14340019,121.8050003,Cambodia,Siem-reap,REP,13.41069984,103.8130035
China,Shanghai,PVG,31.14340019,121.8050003,Canada,Toronto,YYZ,43.67720032,-79.63059998
China,Shanghai,PVG,31.14340019,121.8050003,Canada,Vancouver,YVR,49.19390106,-123.1839981
China,Shanghai,PVG,31.14340019,121.8050003,Denmark,Copenhagen,CPH,55.61790085,12.65600014
China,Shanghai,PVG,31.14340019,121.8050003,Ethiopia,Addis Ababa,ADD,8.977890015,38.79930115
China,Shanghai,PVG,31.14340019,121.8050003,Finland,Helsinki,HEL,60.31719971,24.9633007
China,Shanghai,PVG,31.14340019,121.8050003,France,Paris,CDG,49.012798,2.55
China,Shanghai,PVG,31.14340019,121.8050003,Germany,Frankfurt,FRA,50.033333,8.570556
China,Shanghai,PVG,31.14340019,121.8050003,Germany,Munich,MUC,48.353802,11.7861
China,Shanghai,PVG,31.14340019,121.8050003,India,Delhi,DEL,28.5665,77.103104
China,Shanghai,PVG,31.14340019,121.8050003,Indonesia,Denpasar,DPS,-8.748169899,115.1669998
China,Shanghai,PVG,31.14340019,121.8050003,Indonesia,Jakarta,CGK,-6.12556982,106.6559982
China,Shanghai,PVG,31.14340019,121.8050003,Iran,Tehran,IKA,35.41609955,51.15219879
China,Shanghai,PVG,31.14340019,121.8050003,Italy,Milano,MXP,45.6306,8.72811
China,Shanghai,PVG,31.14340019,121.8050003,Italy,Rome,FCO,41.8002778,12.2388889
China,Shanghai,PVG,31.14340019,121.8050003,Japan,Fukuoka,FUK,33.58589935,130.451004
China,Shanghai,PVG,31.14340019,121.8050003,Japan,Hiroshima,HIJ,34.43610001,132.9190063
China,Shanghai,PVG,31.14340019,121.8050003,Japan,Ibaraki,IBR,36.18109894,140.4149933
China,Shanghai,PVG,31.14340019,121.8050003,Japan,Kagoshima,KOJ,31.80340004,130.7189941
China,Shanghai,PVG,31.14340019,121.8050003,Japan,Kanazawa,KMQ,36.39459991,136.4069977
China,Shanghai,PVG,31.14340019,121.8050003,Japan,Matsuyama,MYJ,33.82720184,132.6999969
China,Shanghai,PVG,31.14340019,121.8050003,Japan,Nagasaki,NGS,32.91690063,129.9140015
China,Shanghai,PVG,31.14340019,121.8050003,Japan,Nagoya,NGO,34.85839844,136.8049927
China,Shanghai,PVG,31.14340019,121.8050003,Japan,Niigata,KIJ,37.95589828,139.1210022
China,Shanghai,PVG,31.14340019,121.8050003,Japan,Okayama,OKJ,34.75690079,133.8549957
China,Shanghai,PVG,31.14340019,121.8050003,Japan,Okinawa,OKA,26.19580078,127.6460037
China,Shanghai,PVG,31.14340019,121.8050003,Japan,Osaka,KIX,34.4272995,135.2440033
China,Shanghai,PVG,31.14340019,121.8050003,Japan,Sapporo,CTS,42.77519989,141.6920013
China,Shanghai,PVG,31.14340019,121.8050003,Japan,Sendai,SDJ,38.13970184,140.9170074
China,Shanghai,PVG,31.14340019,121.8050003,Japan,Takamatsu,TAK,34.21419907,134.0160065
China,Shanghai,PVG,31.14340019,121.8050003,Japan,Tokyo,NRT,35.76470184,140.3860016
China,Shanghai,PVG,31.14340019,121.8050003,Japan,Toyama,TOY,36.64830017,137.1880035
China,Shanghai,PVG,31.14340019,121.8050003,Macau,Macau,MFM,22.149599,113.592003
China,Shanghai,PVG,31.14340019,121.8050003,Malaysia,Kota Kinabalu,BKI,5.937210083,116.0510025
China,Shanghai,PVG,31.14340019,121.8050003,Malaysia,Kuala Lumpur,KUL,2.745579958,101.7099991
China,Shanghai,PVG,31.14340019,121.8050003,Maldives,Male,MLE,4.191830158,73.52909851
China,Shanghai,PVG,31.14340019,121.8050003,Mauritius,Plaisance,MRU,-20.430201,57.683601
China,Shanghai,PVG,31.14340019,121.8050003,Mexico,Tijuana,TIJ,32.54109955,-116.9700012
China,Shanghai,PVG,31.14340019,121.8050003,Netherlands,Amsterdam,AMS,52.308601,4.76389
China,Shanghai,PVG,31.14340019,121.8050003,New Zealand,Auckland,AKL,-37.0080986,174.7920074
China,Shanghai,PVG,31.14340019,121.8050003,Northern Mariana Islands,Saipan,SPN,15.119,145.729004
China,Shanghai,PVG,31.14340019,121.8050003,Philippines,Manila,MNL,14.5086,121.019997
China,Shanghai,PVG,31.14340019,121.8050003,Qatar,Doha,DOH,25.273056,51.608056
China,Shanghai,PVG,31.14340019,121.8050003,Russia,Moscow,SVO,55.972599,37.4146
China,Shanghai,PVG,31.14340019,121.8050003,Singapore,Singapore,SIN,1.35019,103.994003
China,Shanghai,PVG,31.14340019,121.8050003,South Korea,Busan,PUS,35.17950058,128.9380035
China,Shanghai,PVG,31.14340019,121.8050003,South Korea,Cheju,CJU,33.51129913,126.4929962
China,Shanghai,PVG,31.14340019,121.8050003,South Korea,Muan,MWX,34.991406,126.382814
China,Shanghai,PVG,31.14340019,121.8050003,South Korea,Seoul,ICN,37.46910095,126.4509964
China,Shanghai,PVG,31.14340019,121.8050003,South Korea,Sokcho / Gangneung,YNY,38.061298,128.669006
China,Shanghai,PVG,31.14340019,121.8050003,South Korea,Taegu,TAE,35.896872,128.65531
China,Shanghai,PVG,31.14340019,121.8050003,Sri Lanka,Colombo,CMB,7.180759907,79.88410187
China,Shanghai,PVG,31.14340019,121.8050003,Switzerland,Zurich,ZRH,47.464699,8.54917
China,Shanghai,PVG,31.14340019,121.8050003,Thailand,Bangkok,BKK,13.68109989,100.7470016
China,Shanghai,PVG,31.14340019,121.8050003,Thailand,Chiang Mai,CNX,18.76679993,98.96260071
China,Shanghai,PVG,31.14340019,121.8050003,Thailand,Phuket,HKT,8.1132,98.316902
China,Shanghai,PVG,31.14340019,121.8050003,Turkey,Istanbul,IST,41.275278,28.751944
China,Shanghai,PVG,31.14340019,121.8050003,United Arab Emirates,Abu Dhabi,AUH,24.43300056,54.65110016
China,Shanghai,PVG,31.14340019,121.8050003,United Arab Emirates,Dubai,DXB,25.25279999,55.36439896
China,Shanghai,PVG,31.14340019,121.8050003,United Kingdom,London,LHR,51.4706,-0.461941
China,Shanghai,PVG,31.14340019,121.8050003,United States,Chicago,ORD,41.9786,-87.9048
China,Shanghai,PVG,31.14340019,121.8050003,United States,Detroit,DTW,42.21239853,-83.35340118
China,Shanghai,PVG,31.14340019,121.8050003,United States,Honolulu,HNL,21.32062,-157.924228
China,Shanghai,PVG,31.14340019,121.8050003,United States,Los Angeles,LAX,33.94250107,-118.4079971
China,Shanghai,PVG,31.14340019,121.8050003,United States,New York,JFK,40.63980103,-73.77890015
China,Shanghai,PVG,31.14340019,121.8050003,United States,Newark,EWR,40.69250107,-74.16870117
China,Shanghai,PVG,31.14340019,121.8050003,United States,San Francisco,SFO,37.61899948,-122.375
China,Shanghai,PVG,31.14340019,121.8050003,United States,Seattle,SEA,47.449001,-122.308998
China,Shanghai,PVG,31.14340019,121.8050003,Vietnam,Danang,DAD,16.04389954,108.1989975
China,Shanghai,PVG,31.14340019,121.8050003,Vietnam,Hanoi,HAN,21.22120094,105.8069992
China,Shanghai,PVG,31.14340019,121.8050003,Vietnam,Ho Chi Minh City,SGN,10.81879997,106.6520004
China,Shanghai,SHA,31.19790077,121.3359985,Japan,Tokyo,HND,35.552299,139.779999
China,Shanghai,SHA,31.19790077,121.3359985,Macau,Macau,MFM,22.149599,113.592003
China,Shanghai,SHA,31.19790077,121.3359985,South Korea,Seoul,GMP,37.5583,126.791
China,Shantou,SWA,23.552,116.5033,Singapore,Singapore,SIN,1.35019,103.994003
China,Shantou,SWA,23.552,116.5033,Thailand,Bangkok,BKK,13.68109989,100.7470016
China,Shenyang,SHE,41.63980103,123.4830017,Canada,Vancouver,YVR,49.19390106,-123.1839981
China,Shenyang,SHE,41.63980103,123.4830017,Germany,Frankfurt,FRA,50.033333,8.570556
China,Shenyang,SHE,41.63980103,123.4830017,Japan,Fukuoka,FUK,33.58589935,130.451004
China,Shenyang,SHE,41.63980103,123.4830017,Japan,Nagoya,NGO,34.85839844,136.8049927
China,Shenyang,SHE,41.63980103,123.4830017,Japan,Osaka,KIX,34.4272995,135.2440033
China,Shenyang,SHE,41.63980103,123.4830017,Japan,Tokyo,NRT,35.76470184,140.3860016
China,Shenyang,SHE,41.63980103,123.4830017,Macau,Macau,MFM,22.149599,113.592003
China,Shenyang,SHE,41.63980103,123.4830017,North Korea,Pyongyang,FNJ,39.224098,125.669998
China,Shenyang,SHE,41.63980103,123.4830017,South Korea,Busan,PUS,35.17950058,128.9380035
China,Shenyang,SHE,41.63980103,123.4830017,South Korea,Cheju,CJU,33.51129913,126.4929962
China,Shenyang,SHE,41.63980103,123.4830017,South Korea,Chongju,CJJ,36.717008,127.498741
China,Shenyang,SHE,41.63980103,123.4830017,South Korea,Seoul,ICN,37.46910095,126.4509964
China,Shenzhen,SZX,22.63929939,113.810997,Indonesia,Denpasar,DPS,-8.748169899,115.1669998
China,Shenzhen,SZX,22.63929939,113.810997,Malaysia,Kota Kinabalu,BKI,5.937210083,116.0510025
China,Shenzhen,SZX,22.63929939,113.810997,Malaysia,Kuala Lumpur,KUL,2.745579958,101.7099991
China,Shenzhen,SZX,22.63929939,113.810997,Singapore,Singapore,SIN,1.35019,103.994003
China,Shenzhen,SZX,22.63929939,113.810997,South Korea,Cheju,CJU,33.51129913,126.4929962
China,Shenzhen,SZX,22.63929939,113.810997,South Korea,Seoul,ICN,37.46910095,126.4509964
China,Shenzhen,SZX,22.63929939,113.810997,Thailand,Bangkok,BKK,13.68109989,100.7470016
China,Shenzhen,SZX,22.63929939,113.810997,Thailand,Bangkok,DMK,13.91259956,100.6070023
China,Shenzhen,SZX,22.63929939,113.810997,Thailand,Phuket,HKT,8.1132,98.316902
China,Taichung,RMQ,24.26469994,120.6210022,Japan,Okinawa,OKA,26.19580078,127.6460037
China,Taichung,RMQ,24.26469994,120.6210022,Japan,Osaka,KIX,34.4272995,135.2440033
China,Taichung,RMQ,24.26469994,120.6210022,Macau,Macau,MFM,22.149599,113.592003
China,Taichung,RMQ,24.26469994,120.6210022,Vietnam,Hanoi,HAN,21.22120094,105.8069992
China,Taichung,RMQ,24.26469994,120.6210022,Vietnam,Ho Chi Minh City,SGN,10.81879997,106.6520004
China,Taipei,TPE,25.0777,121.233002,Australia,Brisbane,BNE,-27.38419914,153.1170044
China,Taipei,TPE,25.0777,121.233002,Australia,Sydney,SYD,-33.94609833,151.177002
China,Taipei,TPE,25.0777,121.233002,Austria,Vienna,VIE,48.11029816,16.56970024
China,Taipei,TPE,25.0777,121.233002,Burma,Yangon,RGN,16.90730095,96.1332016
China,Taipei,TPE,25.0777,121.233002,Cambodia,Phnom-penh,PNH,11.54660034,104.8440018
China,Taipei,TPE,25.0777,121.233002,Cambodia,Siem-reap,REP,13.41069984,103.8130035
China,Taipei,TPE,25.0777,121.233002,Canada,Toronto,YYZ,43.67720032,-79.63059998
China,Taipei,TPE,25.0777,121.233002,Canada,Vancouver,YVR,49.19390106,-123.1839981
China,Taipei,TPE,25.0777,121.233002,France,Paris,CDG,49.012798,2.55
China,Taipei,TPE,25.0777,121.233002,Germany,Frankfurt,FRA,50.033333,8.570556
China,Taipei,TPE,25.0777,121.233002,Guam,Agana,GUM,13.48340034,144.7960052
China,Taipei,TPE,25.0777,121.233002,India,Delhi,DEL,28.5665,77.103104
China,Taipei,TPE,25.0777,121.233002,Indonesia,Denpasar,DPS,-8.748169899,115.1669998
China,Taipei,TPE,25.0777,121.233002,Indonesia,Jakarta,CGK,-6.12556982,106.6559982
China,Taipei,TPE,25.0777,121.233002,Indonesia,Surabaya,SUB,-7.379829884,112.7870026
China,Taipei,TPE,25.0777,121.233002,Japan,Asahikawa,AKJ,43.67079926,142.4470062
China,Taipei,TPE,25.0777,121.233002,Japan,Fukuoka,FUK,33.58589935,130.451004
China,Taipei,TPE,25.0777,121.233002,Japan,Hakodate,HKD,41.77000046,140.8220062
China,Taipei,TPE,25.0777,121.233002,Japan,Hiroshima,HIJ,34.43610001,132.9190063
China,Taipei,TPE,25.0777,121.233002,Japan,Ishigaki,ISG,24.396389,124.245
China,Taipei,TPE,25.0777,121.233002,Japan,Kagoshima,KOJ,31.80340004,130.7189941
China,Taipei,TPE,25.0777,121.233002,Japan,Kanazawa,KMQ,36.39459991,136.4069977
China,Taipei,TPE,25.0777,121.233002,Japan,Kushiro,KUH,43.04100037,144.1929932
China,Taipei,TPE,25.0777,121.233002,Japan,Miyazaki,KMI,31.87719917,131.4490051
China,Taipei,TPE,25.0777,121.233002,Japan,Nagoya,NGO,34.85839844,136.8049927
China,Taipei,TPE,25.0777,121.233002,Japan,Okayama,OKJ,34.75690079,133.8549957
China,Taipei,TPE,25.0777,121.233002,Japan,Okinawa,OKA,26.19580078,127.6460037
China,Taipei,TPE,25.0777,121.233002,Japan,Osaka,KIX,34.4272995,135.2440033
China,Taipei,TPE,25.0777,121.233002,Japan,Sapporo,CTS,42.77519989,141.6920013
China,Taipei,TPE,25.0777,121.233002,Japan,Sendai,SDJ,38.13970184,140.9170074
China,Taipei,TPE,25.0777,121.233002,Japan,Takamatsu,TAK,34.21419907,134.0160065
China,Taipei,TPE,25.0777,121.233002,Japan,Tokyo,HND,35.552299,139.779999
China,Taipei,TPE,25.0777,121.233002,Japan,Tokyo,NRT,35.76470184,140.3860016
China,Taipei,TPE,25.0777,121.233002,Japan,Toyama,TOY,36.64830017,137.1880035
China,Taipei,TPE,25.0777,121.233002,Macau,Macau,MFM,22.149599,113.592003
China,Taipei,TPE,25.0777,121.233002,Malaysia,Kota Kinabalu,BKI,5.937210083,116.0510025
China,Taipei,TPE,25.0777,121.233002,Malaysia,Kuala Lumpur,KUL,2.745579958,101.7099991
China,Taipei,TPE,25.0777,121.233002,Malaysia,Penang,PEN,5.297140121,100.2770004
China,Taipei,TPE,25.0777,121.233002,Netherlands,Amsterdam,AMS,52.308601,4.76389
China,Taipei,TPE,25.0777,121.233002,Palau,Babelthuap,ROR,7.36731,134.544236
China,Taipei,TPE,25.0777,121.233002,Philippines,Kalibo,KLO,11.67940044,122.3759995
China,Taipei,TPE,25.0777,121.233002,Philippines,Manila,MNL,14.5086,121.019997
China,Taipei,TPE,25.0777,121.233002,Singapore,Singapore,SIN,1.35019,103.994003
China,Taipei,TPE,25.0777,121.233002,South Korea,Busan,PUS,35.17950058,128.9380035
China,Taipei,TPE,25.0777,121.233002,South Korea,Cheju,CJU,33.51129913,126.4929962
China,Taipei,TPE,25.0777,121.233002,South Korea,Seoul,ICN,37.46910095,126.4509964
China,Taipei,TPE,25.0777,121.233002,Thailand,Bangkok,BKK,13.68109989,100.7470016
China,Taipei,TPE,25.0777,121.233002,Thailand,Chiang Mai,CNX,18.76679993,98.96260071
China,Taipei,TPE,25.0777,121.233002,United Arab Emirates,Dubai,DXB,25.25279999,55.36439896
China,Taipei,TPE,25.0777,121.233002,United States,Honolulu,HNL,21.32062,-157.924228
China,Taipei,TPE,25.0777,121.233002,United States,Los Angeles,LAX,33.94250107,-118.4079971
China,Taipei,TPE,25.0777,121.233002,United States,New York,JFK,40.63980103,-73.77890015
China,Taipei,TPE,25.0777,121.233002,United States,San Francisco,SFO,37.61899948,-122.375
China,Taipei,TPE,25.0777,121.233002,United States,Seattle,SEA,47.449001,-122.308998
China,Taipei,TPE,25.0777,121.233002,Vietnam,Hanoi,HAN,21.22120094,105.8069992
China,Taipei,TPE,25.0777,121.233002,Vietnam,Ho Chi Minh City,SGN,10.81879997,106.6520004
China,Taipei,TSA,25.06940079,121.552002,Japan,Tokyo,HND,35.552299,139.779999
China,Taipei,TSA,25.06940079,121.552002,South Korea,Seoul,GMP,37.5583,126.791
China,Taiyuan,TYN,37.74689865,112.6279984,Macau,Macau,MFM,22.149599,113.592003
China,Taiyuan,TYN,37.74689865,112.6279984,South Korea,Busan,PUS,35.17950058,128.9380035
China,Tianjin,TSN,39.12440109,117.3460007,Japan,Nagoya,NGO,34.85839844,136.8049927
China,Tianjin,TSN,39.12440109,117.3460007,Singapore,Singapore,SIN,1.35019,103.994003
China,Tianjin,TSN,39.12440109,117.3460007,South Korea,Cheju,CJU,33.51129913,126.4929962
China,Tianjin,TSN,39.12440109,117.3460007,South Korea,Muan,MWX,34.991406,126.382814
China,Tianjin,TSN,39.12440109,117.3460007,South Korea,Seoul,ICN,37.46910095,126.4509964
China,Urumqi,URC,43.90710068,87.47419739,Azerbaijan,Baku,GYD,40.46749878,50.04669952
China,Urumqi,URC,43.90710068,87.47419739,Georgia,Tbilisi,TBS,41.6692009,44.95470047
China,Urumqi,URC,43.90710068,87.47419739,Iran,Tehran,IKA,35.41609955,51.15219879
China,Urumqi,URC,43.90710068,87.47419739,Kazakhstan,Alma-ata,ALA,43.35210037,77.04049683
China,Urumqi,URC,43.90710068,87.47419739,Kazakhstan,Tselinograd,TSE,51.02220154,71.46690369
China,Urumqi,URC,43.90710068,87.47419739,Kyrgyzstan,Bishkek,FRU,43.06129837,74.4776001
China,Urumqi,URC,43.90710068,87.47419739,Kyrgyzstan,Osh,OSS,40.60900116,72.79329681
China,Urumqi,URC,43.90710068,87.47419739,Pakistan,Islamabad,ISB,33.560713,72.851613
China,Urumqi,URC,43.90710068,87.47419739,Russia,Moscow,SVO,55.972599,37.4146
China,Urumqi,URC,43.90710068,87.47419739,Russia,Novosibirsk,OVB,55.01259995,82.65070343
China,Urumqi,URC,43.90710068,87.47419739,Tajikistan,Dushanbe,DYU,38.54330063,68.82499695
China,Urumqi,URC,43.90710068,87.47419739,Tajikistan,Khudzhand,LBD,40.2154007,69.69470215
China,Urumqi,URC,43.90710068,87.47419739,Turkey,Istanbul,IST,41.275278,28.751944
China,Urumqi,URC,43.90710068,87.47419739,Turkmenistan,Ashkhabad,ASB,37.986801,58.361
China,Urumqi,URC,43.90710068,87.47419739,Uzbekistan,Tashkent,TAS,41.25790024,69.28119659
China,Wenzhou,WNZ,27.912201,120.851997,South Korea,Cheju,CJU,33.51129913,126.4929962
China,Wenzhou,WNZ,27.912201,120.851997,Vietnam,Danang,DAD,16.04389954,108.1989975
China,Wuhan,WUH,30.7838,114.208,France,Paris,CDG,49.012798,2.55
China,Wuhan,WUH,30.7838,114.208,Macau,Macau,MFM,22.149599,113.592003
China,Wuhan,WUH,30.7838,114.208,Singapore,Singapore,SIN,1.35019,103.994003
China,Wuhan,WUH,30.7838,114.208,South Korea,Busan,PUS,35.17950058,128.9380035
China,Wuhan,WUH,30.7838,114.208,South Korea,Seoul,ICN,37.46910095,126.4509964
China,Wuhan,WUH,30.7838,114.208,Thailand,Bangkok,BKK,13.68109989,100.7470016
China,Wuhan,WUH,30.7838,114.208,Thailand,Bangkok,DMK,13.91259956,100.6070023
China,Wuhan,WUH,30.7838,114.208,Thailand,Chiang Mai,CNX,18.76679993,98.96260071
China,Wuxi,WUX,31.49440002,120.4290009,Japan,Osaka,KIX,34.4272995,135.2440033
China,Wuxi,WUX,31.49440002,120.4290009,Macau,Macau,MFM,22.149599,113.592003
China,Wuxi,WUX,31.49440002,120.4290009,Singapore,Singapore,SIN,1.35019,103.994003
China,Xiamen,XMN,24.54400063,118.1279984,Indonesia,Jakarta,CGK,-6.12556982,106.6559982
China,Xiamen,XMN,24.54400063,118.1279984,Japan,Tokyo,NRT,35.76470184,140.3860016
China,Xiamen,XMN,24.54400063,118.1279984,Macau,Macau,MFM,22.149599,113.592003
China,Xiamen,XMN,24.54400063,118.1279984,Malaysia,Kuala Lumpur,KUL,2.745579958,101.7099991
China,Xiamen,XMN,24.54400063,118.1279984,Netherlands,Amsterdam,AMS,52.308601,4.76389
China,Xiamen,XMN,24.54400063,118.1279984,Philippines,Manila,MNL,14.5086,121.019997
China,Xiamen,XMN,24.54400063,118.1279984,Singapore,Singapore,SIN,1.35019,103.994003
China,Xiamen,XMN,24.54400063,118.1279984,South Korea,Cheju,CJU,33.51129913,126.4929962
China,Xiamen,XMN,24.54400063,118.1279984,South Korea,Seoul,ICN,37.46910095,126.4509964
China,Xiamen,XMN,24.54400063,118.1279984,Thailand,Bangkok,BKK,13.68109989,100.7470016
China,Xiamen,XMN,24.54400063,118.1279984,Vietnam,Danang,DAD,16.04389954,108.1989975
China,Xi'an,XIY,34.447102,108.751999,Finland,Helsinki,HEL,60.31719971,24.9633007
China,Xi'an,XIY,34.447102,108.751999,South Korea,Busan,PUS,35.17950058,128.9380035
China,Xi'an,XIY,34.447102,108.751999,South Korea,Seoul,ICN,37.46910095,126.4509964
China,Xi'an,XIY,34.447102,108.751999,Thailand,Bangkok,DMK,13.91259956,100.6070023
China,Yanji,YNJ,42.88280106,129.451004,South Korea,Seoul,ICN,37.46910095,126.4509964
China,Yantai,YNT,37.40169907,121.3720016,Japan,Osaka,KIX,34.4272995,135.2440033
China,Yantai,YNT,37.40169907,121.3720016,South Korea,Seoul,ICN,37.46910095,126.4509964
China,Zhengzhou,CGO,34.5196991,113.8410034,Macau,Macau,MFM,22.149599,113.592003
China,Zhengzhou,CGO,34.5196991,113.8410034,South Korea,Cheju,CJU,33.51129913,126.4929962
China,Zhengzhou,CGO,34.5196991,113.8410034,South Korea,Seoul,ICN,37.46910095,126.4509964
China,Zhengzhou,CGO,34.5196991,113.8410034,Thailand,Bangkok,BKK,13.68109989,100.7470016
